id,employee_id,first_name,last_name,date,401k_amount
1,807-98-3943,Clareta,Calan,2016-02-23,87785
2,681-81-9934,Jocko,Rickwood,2017-06-06,89401
3,458-68-7451,Isador,Mueller,2018-08-10,37494
4,369-89-1954,Karee,Boddy,2019-01-19,97488
5,200-46-4502,Bobette,Sentinella,2016-06-26,70841
6,259-92-6811,Meghann,Bosworth,2017-12-09,9599
7,417-81-0945,Damon,Thames,2016-10-30,88427
8,332-77-1326,Elfrida,Swash,2017-12-20,14628
9,846-52-2788,Grady,Nordass,2018-03-15,10026
10,579-35-9131,Lishe,Chavey,2018-02-28,91277
11,694-62-2643,Dotty,Sabate,2017-10-10,50763
12,137-89-0877,Kort,O'Gaven,2017-06-28,63793
13,576-05-0482,Cecile,Whapham,2017-10-17,30497
14,846-75-1748,Aldus,Shilton,2016-04-14,95530
15,604-91-2091,Ara,Hollyland,2018-06-10,55112
16,267-23-4425,Maribelle,Badger,2016-03-28,99637
17,474-42-9251,Etti,Friatt,2016-06-17,11919
18,315-63-0497,Jarrett,Ebbers,2016-05-17,38973
19,477-70-3781,Casey,Wilcox,2018-11-02,26118
20,571-52-0466,Shell,Ferretti,2016-11-27,20603
21,319-03-8632,Fax,Haacker,2016-04-10,38366
22,602-75-7706,Jenn,Hartzog,2018-12-09,38916
23,317-57-0721,Pyotr,Wolton,2018-08-25,22691
24,603-01-2207,Deb,Rubinowitz,2016-09-18,46959
25,747-41-0414,Giovanni,Vahl,2018-10-12,53217
26,217-57-8783,Marthe,Manuelli,2018-03-04,83823
27,654-92-1445,Georgi,Franciskiewicz,2019-01-16,24628
28,136-29-8398,Aili,Waugh,2016-03-14,16989
29,355-85-2324,Delora,Tindley,2016-09-04,23755
30,753-19-5267,Sloan,Madre,2016-11-19,24808
31,661-85-4162,Darci,Cayzer,2016-02-12,99791
32,128-94-7145,Corty,Filewood,2018-10-13,38228
33,508-43-5777,Yank,Balint,2017-11-09,70376
34,125-52-4487,Hannis,Vautin,2018-08-01,80996
35,497-54-1621,Aila,Dredge,2019-02-24,37986
36,893-76-8331,Dana,Couche,2018-12-16,31392
37,222-61-5014,Von,Overell,2018-01-07,42092
38,130-03-0768,Benjamin,Swadling,2017-06-11,28385
39,850-88-0696,Ashbey,Creany,2017-12-21,44664
40,810-75-4553,Helen,Goldthorp,2017-08-11,24024
41,730-95-7076,Willetta,Basire,2017-08-19,64315
42,205-76-3630,Viviyan,Gavan,2018-09-10,85971
43,327-37-2269,Baron,Shadwick,2018-04-10,9544
44,763-47-8975,Luther,MacMichael,2016-11-09,60461
45,561-04-8414,Zandra,Londsdale,2016-05-15,81956
46,257-02-3527,Vin,Loseby,2017-04-22,323
47,282-62-7916,Neel,Huddart,2018-02-08,27389
48,218-99-6639,Maximilian,Ruffle,2018-04-13,91710
49,606-10-4175,Mikkel,Kittow,2018-01-09,14475
50,169-60-6269,Kassie,Newbegin,2016-07-01,5657
51,113-24-2322,Flynn,Tarburn,2018-10-08,53222
52,315-62-5117,Dulcy,Dobrowolny,2017-12-04,90731
53,721-93-3764,Annetta,Klemke,2017-01-06,56850
54,105-82-4574,Giusto,Cudby,2018-11-17,4870
55,582-26-7481,Bamby,Hassewell,2017-05-04,24578
56,329-53-8109,Tiebold,McAllen,2017-10-30,10490
57,524-64-2490,Jude,Tortoishell,2017-07-02,51476
58,431-39-1240,Hestia,Chateau,2018-07-17,6596
59,805-28-9278,Ariela,Davydzenko,2017-06-26,73654
60,398-64-0070,Robb,Draysey,2018-12-24,33131
61,126-90-3256,Wesley,Allcock,2016-10-07,68982
62,372-74-0179,Valli,Simony,2017-03-04,63008
63,541-66-6339,Lannie,Coughlan,2016-08-30,84830
64,684-36-9299,Ryann,Hasel,2017-06-05,15828
65,344-67-4940,Artemas,Matiashvili,2018-12-21,98188
66,466-74-1293,Becka,Teulier,2018-10-30,56718
67,563-46-6977,Inessa,Bonnick,2016-11-18,66248
68,514-85-4813,Abelard,Navaro,2016-11-18,13977
69,831-32-5728,Jodie,Boskell,2018-11-17,97981
70,881-16-7963,Sherman,Bentham3,2018-07-03,89941
71,158-46-2591,Barris,Deavin,2018-05-20,95418
72,820-65-1961,Ely,Haward,2016-06-07,13306
73,482-52-4690,Robena,Melley,2017-03-20,11779
74,260-49-4108,Gannon,Sabater,2016-08-06,33921
75,466-41-5356,Tillie,Pimme,2017-02-20,64070
76,677-92-2125,Karel,Acock,2017-05-02,36609
77,452-10-6685,Elvera,Lightowler,2017-01-11,83023
78,883-61-1423,Guss,Kleinbaum,2017-10-28,17409
79,869-42-4221,Graeme,Sheivels,2016-04-20,64128
80,203-23-0952,Fenelia,Sibray,2018-06-05,42397
81,496-32-8470,Leena,Casero,2016-11-26,97521
82,383-57-3106,Amalia,Sarney,2017-05-26,13951
83,524-70-4729,Marlowe,Gee,2018-01-12,92117
84,369-09-4490,Von,Petrasso,2018-10-23,87221
85,498-35-8962,Roderick,Sweetmore,2017-02-08,18674
86,118-89-2135,Vasily,Forri,2018-11-06,59706
87,165-07-3384,Caryl,Ruslinge,2018-04-11,75243
88,788-94-7858,Remington,Guerner,2016-07-13,67271
89,417-18-9751,Horton,Gaddesby,2018-02-12,22328
90,219-63-2218,Gottfried,Corkill,2018-10-15,21057
91,445-20-4216,Dalli,Guiton,2018-01-02,86737
92,281-73-2977,Lenci,Duggan,2017-08-15,61994
93,234-75-3308,Ricardo,Pinard,2016-04-28,26904
94,712-69-9279,Blinny,Hyde-Chambers,2016-11-11,408
95,316-19-6531,Tiffani,Lorkings,2018-04-01,81880
96,364-10-0536,Garald,Shipcott,2016-08-23,19816
97,414-93-6857,Willyt,Wreak,2016-10-21,90263
98,483-54-8822,Joyce,Capron,2016-11-23,50244
99,472-56-2197,Ambrosi,Jimes,2018-02-15,99566
100,279-17-5852,Hewett,Stut,2017-02-13,93083
101,369-75-2291,Berty,Brandli,2018-07-05,92339
102,839-83-0064,Susette,Moan,2019-02-23,84884
103,421-88-2464,Fin,Konertz,2016-03-26,84018
104,297-09-6172,Katerine,Doughty,2017-05-10,72607
105,263-95-5671,Shoshana,Mitroshinov,2016-12-08,22676
106,135-46-2729,Giralda,Davidsson,2019-01-15,91882
107,744-51-7139,Myrlene,Bowmen,2018-08-10,62977
108,552-83-8545,Gisella,Peret,2016-10-30,85269
109,125-77-5642,Fredric,Balassi,2017-01-28,92237
110,338-96-8060,Breanne,Fines,2017-10-26,639
111,890-72-6626,Joye,Coleson,2016-10-15,78203
112,426-14-9579,Richard,Burgin,2018-08-02,202
113,330-11-0107,Claudette,Hartman,2017-05-14,34937
114,339-58-3269,Romeo,Gerrets,2018-01-19,99299
115,443-80-9166,Lynnell,Carlesso,2018-03-26,48788
116,598-28-1682,Ario,MacGow,2017-01-09,2607
117,235-65-7142,Trina,Harrold,2017-06-10,80308
118,518-64-9466,Caril,Cobleigh,2018-12-20,74120
119,626-28-2922,Adam,Whiteland,2018-01-28,7024
120,147-28-3456,Denise,Bowlas,2018-12-24,22717
121,844-53-0322,Ganny,Sandall,2018-05-17,79660
122,590-15-1622,Melesa,Vasnetsov,2018-10-12,49693
123,785-91-5310,Devin,Cicchinelli,2017-10-06,67192
124,222-41-2040,Edy,Kruse,2017-12-14,23262
125,703-41-5983,Christal,Hinsche,2018-10-31,41052
126,362-29-9121,Callean,Jikylls,2018-12-04,81157
127,558-20-6120,Lorilee,Snedden,2016-06-13,17772
128,560-43-0241,Mohammed,Ramm,2018-02-18,98312
129,290-29-0104,Scarlett,Regis,2018-02-08,12870
130,300-92-7186,Alexei,Haker,2017-03-08,60239
131,825-23-8210,Ogden,Kikke,2016-09-15,72148
132,262-53-7032,Felizio,Pharro,2017-06-19,95484
133,298-55-6219,Marcie,Prator,2019-03-21,32998
134,760-87-5660,Jill,Bachanski,2017-02-04,89892
135,159-76-1397,Scotti,Betke,2016-08-14,56324
136,259-40-6009,Ramsey,Hundal,2016-07-28,90139
137,468-55-6410,Glori,Ivell,2018-06-29,63294
138,639-94-2065,Alexandrina,Halls,2019-01-09,74766
139,511-10-1881,Elset,Guisot,2018-04-16,61543
140,538-23-3214,Kial,Garrat,2018-08-07,19463
141,561-76-4354,Samantha,Tettersell,2017-03-25,3388
142,222-54-3542,Elise,Neachell,2017-02-11,35457
143,559-21-4229,Doralynne,Faithorn,2018-12-09,68860
144,389-87-8543,Danika,Draxford,2017-12-24,35693
145,403-32-9028,Ilaire,Kenvin,2017-05-31,41901
146,595-54-6607,Horton,Soloway,2016-08-19,71381
147,171-57-4943,Annora,Paolo,2019-03-13,15068
148,755-63-7816,Willie,Perillio,2016-07-31,23316
149,111-39-0743,Mozelle,O'dell,2019-01-01,41301
150,401-15-1101,Nicolle,Gozney,2018-06-06,23621
151,122-78-3943,Danny,Berrow,2016-11-22,68675
152,133-17-9080,Jewelle,Brouncker,2018-10-10,65272
153,190-78-5810,Gayel,Paridge,2019-03-07,4234
154,409-84-3407,Johnath,Rubrow,2016-09-06,10569
155,758-42-5350,Jana,Andriuzzi,2016-03-22,35966
156,724-06-5969,Maggee,Kiddell,2017-01-07,55944
157,643-36-5954,Garvin,Longhi,2017-08-25,45280
158,155-37-9316,Sigismondo,Ackhurst,2018-08-01,74032
159,257-80-0717,Lelia,Capeling,2018-10-30,89419
160,679-07-2772,Aubine,Divell,2018-10-20,32439
161,463-41-0299,Dar,Voelker,2016-11-14,67135
162,193-09-5382,Cherianne,O'Keaveny,2017-01-18,77458
163,141-25-5509,Aurie,Dawney,2019-01-19,45903
164,406-85-0455,Phillida,Oxford,2018-10-03,45223
165,613-09-9015,Jory,D'Elias,2016-03-10,15229
166,501-35-2542,Kris,Chiles,2017-09-06,99213
167,721-73-7985,Helaina,MacGlory,2018-10-06,59321
168,186-32-0813,Bowie,Slyme,2016-08-19,80375
169,101-59-1078,Maribel,Amor,2018-10-19,21137
170,331-84-7332,Reggy,Hovert,2017-03-13,24910
171,750-35-3139,Midge,Gallamore,2017-10-24,65125
172,638-81-9328,Orion,Jaan,2018-12-26,3760
173,293-41-5715,Dru,Sonschein,2019-02-04,44979
174,564-21-4625,Karissa,Paroni,2016-09-15,47212
175,600-62-6313,Silas,Domico,2016-08-20,21116
176,754-47-3010,Luis,Abramovitch,2017-01-10,36274
177,458-37-3685,Nertie,Gerran,2018-04-11,31588
178,884-69-6877,Smitty,Lossman,2016-06-16,36681
179,565-47-4110,Darcee,Hamerton,2018-05-11,91336
180,250-14-0322,Reidar,McCrum,2016-10-13,33561
181,174-17-6164,Katina,Chaldecott,2017-02-13,30496
182,528-54-0436,Chrysa,Beddall,2016-05-02,30363
183,593-93-5835,Merle,Tevelov,2016-01-17,99502
184,867-12-7914,Brennan,Spaducci,2018-01-26,82276
185,235-49-2475,Brantley,Morrell,2016-07-28,9021
186,139-31-6422,Debee,Azemar,2017-03-14,86886
187,530-31-2196,Herschel,Ivantyev,2017-10-02,94888
188,617-63-4779,Melisse,Meeron,2017-09-25,30843
189,162-05-3253,Liliane,Reidie,2017-06-25,17753
190,813-96-1190,Fan,Patershall,2017-04-26,95640
191,553-10-8740,Calli,Beeze,2016-05-31,24834
192,472-52-8954,Delmore,Gian,2017-07-29,24898
193,550-67-2728,Claude,Rosenfrucht,2017-10-24,70772
194,228-89-6088,Lyndsey,Meggison,2016-03-07,62054
195,364-99-6704,Carlynn,Rosen,2016-11-25,82247
196,703-42-6408,Fax,Overy,2016-11-02,81546
197,382-29-5685,Lurline,Bispham,2016-04-29,24213
198,601-04-6917,Cindie,Ayre,2018-03-27,1564
199,288-29-5280,Ike,Yakolev,2017-07-17,78269
200,650-74-2707,Queenie,Dooher,2016-11-20,98764
201,783-66-5039,Orland,Bernardet,2017-06-22,95587
202,477-06-1503,Giovanni,Burnapp,2017-05-21,25896
203,550-75-6948,Fae,Bellin,2018-12-10,18409
204,154-77-9004,Bobette,Skains,2017-04-14,51670
205,567-17-2243,Ruy,Ridolfi,2018-11-15,21686
206,100-86-8945,Theodor,Philpin,2016-04-01,32547
207,137-48-1928,Nathalia,Adami,2016-01-06,48516
208,587-28-0545,Raimund,Kilgallon,2017-12-11,5202
209,139-85-3275,Hermine,Hedworth,2018-10-02,98768
210,732-20-8910,Adelle,Gribben,2017-09-09,88368
211,200-74-5510,Harold,Riddett,2017-09-27,39212
212,611-55-4036,Jemie,Haxley,2017-06-07,2465
213,543-02-5482,Horst,Normandale,2017-02-28,38751
214,771-48-5105,Chan,Younglove,2017-10-07,15368
215,767-43-1671,Murray,Eagleston,2018-09-25,7071
216,193-32-5475,Netta,Hedling,2017-07-29,44351
217,818-70-1593,Aidan,Rohfsen,2016-01-22,34953
218,671-70-2459,Eadith,Karran,2017-03-15,35682
219,575-59-5938,Law,Galloway,2016-10-13,39023
220,733-48-4142,Roberta,MacCaughey,2016-05-04,76814
221,304-51-3224,Mahalia,Montes,2016-02-03,14938
222,397-76-3922,Bren,Tetlow,2017-09-21,43296
223,834-25-8323,Cooper,Jimson,2016-06-22,61210
224,533-81-2862,Sumner,Maskill,2018-03-08,26836
225,508-66-2010,Aron,Skerratt,2016-02-21,61040
226,586-26-4092,Demott,Sieghard,2016-01-03,81663
227,377-48-2512,Fanya,Winsper,2017-04-21,40411
228,856-47-1509,Sacha,Hacking,2017-01-04,39495
229,537-22-4980,Gracia,MacVicar,2017-06-16,91643
230,558-78-7333,Gun,Pressland,2016-12-20,53542
231,665-15-1219,Tedi,Booler,2018-03-25,18338
232,298-03-7953,Gerti,Duran,2017-02-16,50594
233,608-18-0204,Darda,McKechnie,2016-08-20,78267
234,830-14-5008,Allina,Mattschas,2017-10-11,73544
235,308-62-1215,Page,Headland,2019-01-22,5826
236,840-27-2584,Sibel,Upham,2017-04-19,17437
237,209-73-0096,Jeannette,Causon,2018-12-29,19118
238,561-27-4367,Hetty,Tooting,2017-07-15,48058
239,473-24-2016,Jedidiah,Trussler,2016-10-17,58454
240,316-38-9084,Alberik,Cuxon,2017-06-29,69535
241,854-39-0580,Deny,Ronchka,2018-03-09,63546
242,258-57-7183,Floris,Eat,2018-03-21,63855
243,398-89-0445,Dannie,Foran,2018-11-03,90022
244,302-52-5063,Isidore,Damant,2017-09-25,87083
245,657-76-1389,Mikey,Rishbrook,2017-12-21,7048
246,872-06-3179,Melitta,Krolik,2017-05-27,72048
247,147-28-5499,Meredithe,Scatcher,2017-02-13,2731
248,517-01-0829,Petronille,Roddick,2017-01-18,10744
249,113-90-8214,Rochella,Prahm,2017-02-13,94871
250,602-54-3075,Dyna,Emanuel,2016-12-28,52972
251,717-62-9849,Arte,Ullock,2016-05-15,33523
252,856-54-7402,Saw,Andrews,2016-07-04,25200
253,582-38-5131,Tabby,Cuzen,2016-05-10,22135
254,131-51-0605,Sharona,Bartolommeo,2016-02-21,92718
255,502-51-7759,Hillie,Lamprey,2018-09-12,62839
256,315-34-4676,Ewan,Espy,2018-02-26,77651
257,294-71-2626,Lauretta,Von Gladbach,2017-09-02,24975
258,874-83-0381,Brittany,Sharper,2018-08-01,19954
259,609-31-9423,Currie,M'Chirrie,2016-09-25,72038
260,382-58-9060,Putnam,Rosengart,2016-01-09,98434
261,245-39-2749,Palm,Sudworth,2017-03-13,74216
262,871-48-1712,Vera,Bushill,2019-03-26,80059
263,447-76-6468,Babita,Hewins,2017-10-10,38186
264,484-25-2363,Ilysa,Leftbridge,2017-07-26,81365
265,375-24-9443,Packston,Fairest,2016-08-21,39263
266,824-02-7601,Auroora,Tompion,2017-08-27,37014
267,743-63-4953,Raine,Conyers,2017-12-24,575
268,565-80-0243,Teodorico,Luttgert,2016-09-19,34055
269,695-48-4386,Averil,Varne,2016-12-04,73781
270,722-35-0517,Selinda,Jenicke,2016-07-04,48613
271,215-55-1881,Idelle,Pleass,2016-11-07,93097
272,474-14-4901,Verne,Wilmut,2017-02-28,3483
273,219-07-6161,Gilda,Schwerin,2017-09-11,69344
274,431-50-6597,Carmita,Coggell,2017-11-24,48501
275,641-53-7097,Ruben,Sanpher,2018-11-19,4259
276,563-51-4420,Ilka,Fisby,2018-05-16,74217
277,511-75-6041,Ninnetta,Puttergill,2016-10-01,2173
278,309-99-8608,Reinaldos,Torri,2016-07-23,59049
279,438-64-2549,Charyl,Paske,2017-02-17,63292
280,328-58-3147,Maximilianus,Ingarfield,2018-06-29,12229
281,735-15-3020,Elisabeth,Normanville,2018-04-03,486
282,107-48-8533,Basilius,Bramo,2018-05-12,74828
283,103-89-8110,Tann,McAndie,2018-05-16,167
284,681-10-2838,Haslett,Breinlein,2016-06-30,93260
285,871-05-8977,Cord,Waddingham,2016-03-05,92266
286,847-30-8876,Kat,Litchmore,2018-10-06,55727
287,545-42-9135,June,Ferrolli,2017-08-14,23014
288,600-55-5589,Annabelle,Strettle,2018-07-27,78862
289,342-88-9738,Giovanni,Cullnean,2017-04-04,43317
290,487-84-4994,Barret,Reddish,2017-11-15,15640
291,740-82-1441,Syd,Rosling,2017-09-28,4090
292,727-98-3952,Dorthea,Andrelli,2017-06-16,95831
293,340-17-5253,Tami,Ovanesian,2019-02-17,17700
294,595-94-5938,Arlina,Stonehouse,2017-11-08,63857
295,880-97-5774,Rebe,Jeacocke,2018-11-06,83510
296,889-57-4164,Rock,Ostridge,2017-01-24,58968
297,734-72-9991,Gilles,Wrightim,2019-03-12,27191
298,518-83-5170,Winston,Lomasny,2017-09-10,4523
299,176-03-5251,Robinette,Sherrocks,2016-04-25,53829
300,686-27-5001,Claudina,Such,2016-07-04,52784
301,106-13-3649,Andros,Onians,2016-11-07,74841
302,407-97-5160,Findlay,Capstake,2018-02-19,41399
303,540-59-4099,Janka,Charity,2018-05-19,60561
304,320-36-8343,Barnard,Fick,2016-09-10,8697
305,732-98-5885,Jarrad,Bakeup,2016-12-08,59626
306,267-87-6107,Sonny,Izaac,2019-03-31,3224
307,809-99-2352,Birgitta,Morforth,2017-11-05,82501
308,808-03-8443,Chloe,Robuchon,2018-01-20,88436
309,438-87-5402,Roscoe,Mathet,2016-07-18,92514
310,408-41-6902,Dalli,O'Corhane,2017-05-30,8304
311,437-62-4231,Dianemarie,Hillatt,2017-09-11,60272
312,250-67-0816,Saba,Jeeks,2017-08-20,59447
313,401-20-1917,Bat,Hoyles,2017-07-14,51764
314,708-77-2098,Noland,Curteis,2016-12-08,97115
315,189-43-3606,Margot,Bradly,2017-02-01,54069
316,151-54-4641,Chevalier,Ekkel,2016-11-27,17510
317,731-64-8978,Lanna,Edmonstone,2018-12-17,29979
318,852-71-8541,Willey,Kochs,2017-07-10,35619
319,118-26-0771,Portie,O'Crevan,2019-03-01,83219
320,533-40-4860,Nicoline,Joist,2018-03-14,86599
321,695-21-9993,Giavani,Jancy,2017-12-08,84292
322,714-03-5801,Gan,Carlisso,2016-02-02,50251
323,557-44-6204,Lucho,Beden,2018-04-28,64694
324,198-25-5517,Ania,Drain,2018-08-10,60925
325,699-73-4001,Tim,Quarton,2016-10-27,84995
326,887-06-1937,Jodi,Mc Grath,2017-01-24,4389
327,418-11-3581,Feliza,Quincey,2017-06-25,59765
328,866-98-3937,Rayna,Janicek,2016-06-10,40190
329,391-21-7407,Ange,Rodbourne,2016-03-25,53509
330,318-36-8533,Aurilia,McAuslan,2018-09-29,80871
331,193-73-2405,Haze,Goodspeed,2017-10-25,80752
332,298-83-2650,Eydie,Baudy,2016-12-25,22344
333,427-04-1507,Shurlock,Kubasek,2016-09-23,66150
334,474-18-7189,Carolyn,Sulman,2016-07-30,8306
335,615-03-2196,Ira,Flancinbaum,2017-06-29,69802
336,409-99-6462,Natalie,Whyman,2017-07-07,98073
337,527-10-1987,Kort,Saker,2018-03-16,96502
338,178-42-0358,Noam,Bilam,2016-11-15,79488
339,814-65-7141,Viv,Whitley,2016-03-15,74734
340,239-86-6430,Lynda,Hardesty,2016-10-02,73230
341,896-37-2287,Layney,Handling,2017-09-07,43124
342,864-49-2002,Myra,Cressingham,2016-05-11,43297
343,710-57-8145,Aeriela,Petrushanko,2017-06-12,34460
344,460-17-7323,Madelle,Hurburt,2016-01-31,1853
345,694-34-8477,Philbert,Howsam,2016-06-17,508
346,702-13-2737,Kayne,Paddemore,2018-03-03,59679
347,418-16-5000,Osbourne,MacCafferky,2017-05-23,55617
348,623-58-7029,Chev,Slay,2017-08-11,76213
349,162-66-3235,Camila,Minero,2018-05-22,9065
350,303-26-2644,Harlene,Gaynsford,2017-03-11,22366
351,650-63-6740,Ermina,Toland,2018-02-06,69270
352,184-25-6595,Audry,Spooner,2017-11-27,15018
353,687-57-1531,Ella,Dunk,2016-12-11,42688
354,269-16-0362,Mile,Rasor,2017-08-25,41227
355,329-04-4102,Larry,Blakeman,2017-11-08,90475
356,749-92-9889,Rickard,Crosoer,2016-05-18,16169
357,133-57-0193,Ingrid,Dilks,2017-12-09,72425
358,892-59-4193,Jammal,Stainfield,2018-11-07,91064
359,260-77-0062,Stanleigh,Antosik,2016-08-28,1917
360,640-84-5329,Ryley,Gresly,2017-10-23,1800
361,628-16-7989,Aubree,Spoors,2018-07-12,60570
362,181-39-6837,Buddy,Fedorski,2019-01-07,58201
363,372-04-2545,Judye,Furlong,2018-05-21,52720
364,147-82-0868,Sadie,Sute,2017-04-23,4475
365,544-74-6502,Heida,Aubert,2016-01-15,2726
366,766-20-9930,Maybelle,Poxton,2016-09-15,6169
367,746-76-4981,Calvin,McCuis,2018-11-17,4259
368,639-92-3635,Lesley,Seymer,2018-12-31,13893
369,887-58-3803,Nickola,De Laspee,2018-09-08,81162
370,312-05-4618,Charlean,Aloigi,2016-09-04,52270
371,499-90-8038,Carolyn,Duran,2018-05-07,9166
372,511-55-9563,Elissa,Bunce,2016-05-08,56769
373,540-06-3625,Tonya,Demko,2018-08-10,62206
374,809-78-3047,Ewell,Isgate,2017-07-12,97246
375,697-04-1524,Zeb,Kynforth,2018-01-28,17208
376,896-50-9808,Cacilie,Keep,2018-01-22,57882
377,724-99-4635,Simeon,McCutheon,2019-01-22,29055
378,305-18-7974,Gabi,De la croix,2018-07-30,9534
379,730-77-9786,Aguistin,Bowller,2018-09-12,39012
380,274-08-4135,Debera,Pycock,2017-09-11,9197
381,428-86-6409,Alessandro,Kincade,2017-03-07,37439
382,294-93-2072,Annabela,Delph,2017-01-24,71390
383,866-88-6521,Emmott,Alphege,2018-03-08,61209
384,704-68-7041,Viole,Zimek,2019-02-20,35744
385,769-57-6645,Bambie,Widdows,2019-03-08,6617
386,518-62-8806,Annamarie,Harkus,2018-03-24,23661
387,283-98-5249,Ivory,Haggarth,2016-01-24,13201
388,340-53-2852,Fern,Perry,2017-09-19,36408
389,463-74-3597,Sidonnie,Grimmolby,2018-01-16,82089
390,273-75-7844,Cyrus,McComb,2017-06-14,29537
391,612-50-4100,Randi,Sline,2018-03-08,69824
392,234-84-1066,Liliane,Bartkowiak,2017-09-14,36934
393,882-33-5941,Melisa,Eccleshall,2018-07-10,16899
394,186-24-5068,Den,Dameisele,2017-08-24,74651
395,837-66-6005,Kirby,Corzon,2017-03-18,75423
396,745-62-0637,Kippie,Cary,2016-02-18,89732
397,898-19-1968,Perla,Gunner,2016-07-27,59674
398,300-49-7695,Josie,Pakeman,2017-05-15,44744
399,758-35-3220,Horst,Brosch,2017-11-01,37833
400,217-24-9379,Tim,Bodimeade,2016-10-03,33428
401,299-74-2243,Melony,Perigo,2016-03-08,27762
402,606-72-7658,Lynnea,Treweek,2018-06-13,48907
403,192-95-9014,Elladine,Shernock,2016-09-23,38460
404,341-56-1338,Bradford,Skase,2019-03-07,24154
405,787-41-9654,Joan,Bondy,2017-06-12,29614
406,425-06-6758,Barney,Jeans,2018-12-24,91999
407,138-13-7420,Lyon,Wilmot,2017-10-21,42375
408,131-97-4518,Dreddy,Gambrell,2016-02-10,61663
409,501-40-4573,Anders,Tasch,2018-09-11,60449
410,813-46-3472,Yvonne,Volcker,2017-01-30,50310
411,596-13-3466,Kinnie,Ventom,2016-12-11,33354
412,657-82-5798,Randee,von Hagt,2018-03-03,58740
413,414-42-3367,Frankie,Statton,2017-08-01,9241
414,422-05-8660,Aaron,Rouch,2017-06-15,81494
415,809-37-3263,Rania,Baddow,2017-01-07,34670
416,199-90-1675,Heall,Tuite,2019-01-27,16411
417,387-67-7463,Marcelia,Sumbler,2016-05-06,90532
418,180-72-8415,Anne,Mation,2016-12-17,82206
419,643-21-4555,Torie,Coneybeer,2017-10-10,40340
420,555-25-5184,Marylynne,Cambden,2016-05-02,79143
421,541-67-5940,Adeline,Leeman,2017-12-20,30619
422,583-16-6868,Morena,Haselhurst,2017-11-07,3630
423,189-46-6190,Bridgette,Allner,2018-07-30,95470
424,508-36-3513,Laurette,Childs,2018-05-13,64308
425,166-43-0396,Artemas,Lampen,2016-06-03,66843
426,339-36-8994,Ettie,Gusney,2018-04-23,34914
427,118-95-0126,Sutton,Puvia,2016-02-03,73933
428,659-28-2669,Erhard,Gilford,2017-11-16,31739
429,684-50-9098,Dacy,Vedntyev,2016-06-10,88231
430,394-50-8167,Niven,Spera,2017-09-19,68240
431,247-89-9652,Shandeigh,Barrass,2017-08-30,5653
432,500-20-5286,Emmy,Hayworth,2018-10-19,52384
433,378-47-7217,James,Hourston,2016-11-03,92827
434,779-09-9355,Evangelia,Wilcher,2017-11-12,84001
435,781-16-8032,Debera,Jayume,2016-11-06,67372
436,833-82-6993,Geneva,Knowles,2018-10-16,57182
437,783-64-2449,Ethyl,Chainey,2017-02-01,64565
438,644-36-2103,Adiana,McGurk,2019-02-04,5609
439,825-10-5104,Emmi,Treadgear,2018-01-21,81613
440,878-62-5179,Norine,Stephens,2017-12-17,73412
441,758-19-0780,Aili,Plumbe,2018-05-19,71036
442,553-02-8317,Susette,Leyzell,2016-06-07,45733
443,484-79-5206,Nevsa,Carslake,2018-10-11,10988
444,717-71-7396,Jasen,Lorden,2018-09-26,96210
445,501-42-1099,Eustacia,Burlay,2018-12-30,49883
446,504-77-3379,Odilia,Cardiff,2018-07-26,51842
447,381-12-0634,Guido,Ganny,2016-10-03,4860
448,715-35-7625,Josiah,Garrick,2017-02-11,61119
449,561-82-1309,Danny,Thomtson,2018-08-23,78229
450,780-77-5526,Zonnya,Pirolini,2018-04-16,40286
451,382-60-7874,Franklin,Gini,2018-09-26,47633
452,121-54-9581,Ced,Rollings,2018-08-27,8695
453,524-69-8129,Ana,Sally,2018-05-11,84351
454,501-03-3245,Bennie,Huckabe,2019-03-24,24503
455,448-07-5540,Essy,Bach,2016-08-30,51955
456,431-92-0663,Melisent,Toohey,2016-01-22,2422
457,458-47-4811,Aurelea,Mordan,2018-10-22,27880
458,116-71-9934,Blane,Clissold,2016-09-11,30955
459,845-55-8816,Quentin,McKinie,2017-04-25,78958
460,814-40-7297,Thaxter,Surtees,2016-11-19,96877
461,783-62-1356,Kaiser,Dietmar,2016-08-13,11797
462,394-82-3363,Lisetta,Mees,2017-01-17,34968
463,848-66-9940,Hodge,Gallehock,2017-06-16,79496
464,662-90-7835,Stanton,Tearney,2016-10-22,72867
465,884-70-0846,Delora,Partener,2016-11-01,83521
466,841-79-2922,Karmen,Pescott,2018-10-24,16030
467,382-72-2922,Lenard,Gerrelts,2017-12-04,92328
468,556-97-1375,Veronica,Bagot,2018-01-01,31369
469,643-65-3357,Christie,Bickersteth,2018-03-14,22923
470,585-13-4572,Isabelita,Vakhrushin,2019-02-28,67748
471,404-05-0261,Darsey,Krysztofowicz,2018-12-25,56591
472,566-89-0500,Diego,Gisbye,2017-09-15,78402
473,231-41-9141,Colan,Ninnis,2016-04-05,15435
474,137-85-5720,Judah,Barrowclough,2017-10-07,71041
475,761-04-3644,Fowler,Gyford,2016-10-20,24915
476,343-59-5088,Bendick,Owtram,2017-05-04,91175
477,855-17-7924,Batsheva,Heiton,2016-12-07,54399
478,262-63-9465,Brucie,Chene,2018-11-03,71905
479,790-72-4513,Padget,Beri,2018-02-14,33803
480,795-70-0573,Ike,Extence,2018-06-24,56963
481,622-68-3083,Josiah,Babe,2017-04-27,84440
482,166-95-5050,Niko,Brassill,2016-03-29,78223
483,134-70-0434,Barth,Byrcher,2018-10-09,50507
484,375-32-7388,Calida,Macallam,2016-07-08,60450
485,723-73-1125,Benito,Fontelles,2017-09-13,42393
486,875-96-6473,Christen,Inkle,2019-02-26,14112
487,832-08-9439,Ajay,Balassa,2016-03-22,75081
488,121-38-8735,Ferdie,Stert,2017-01-30,27046
489,852-58-7441,Georas,Gallihaulk,2018-11-21,10388
490,426-86-9699,Janna,Glantz,2016-02-26,85156
491,699-13-8987,Dinny,Sindle,2016-10-07,53862
492,327-22-2999,Claudina,Nicklin,2016-03-25,48076
493,441-52-7178,Lorine,Jozsef,2017-09-22,50101
494,220-22-7097,Luelle,Rasch,2018-08-16,75374
495,209-56-4013,Julina,Beldham,2016-11-19,52051
496,835-07-4841,Morse,Callan,2017-09-22,92728
497,876-55-1373,Langsdon,Ruddiman,2017-05-22,38375
498,532-56-9045,Aaren,Benech,2016-08-30,74262
499,754-11-2524,Karlotte,McKirdy,2016-10-01,12642
500,376-44-9072,Allyson,Mart,2017-04-02,75794
501,812-31-2629,Erroll,Jeram,2017-12-18,60800
502,227-04-7954,Koral,Bickersteth,2017-03-22,34414
503,825-43-1676,Elfreda,McOnie,2019-01-04,74630
504,222-76-6137,Terrel,Lasseter,2017-02-10,32324
505,711-06-1386,Jemimah,Paolillo,2016-11-04,53493
506,474-02-7998,Jordanna,Madill,2019-03-24,53997
507,760-76-9682,Cherri,Culbard,2017-02-25,83461
508,782-28-1731,Morry,Verrier,2017-05-28,29717
509,597-52-2400,Marvin,Conkling,2018-05-03,61826
510,295-51-8920,Myrna,Redmayne,2018-09-03,24860
511,385-76-3035,Siusan,Arch,2017-09-23,57046
512,677-02-4036,Larry,Berard,2016-08-28,31447
513,674-09-6443,Georgetta,Jorissen,2016-10-17,7320
514,178-78-1095,Shanda,Bulmer,2016-09-25,77560
515,107-29-6919,Eustacia,Binion,2016-07-28,64852
516,252-13-5451,Callean,Obington,2017-06-11,61637
517,719-60-8527,Charleen,McElrea,2018-04-13,93785
518,511-29-3552,Nerissa,Earwicker,2016-01-04,40297
519,549-65-9891,Rolf,Cockren,2017-06-23,6824
520,306-89-5466,Simon,Murkitt,2017-02-18,35148
521,478-84-5443,Bernete,Choake,2018-02-05,11562
522,434-38-3715,Halie,Crooks,2016-05-05,5438
523,221-62-0966,Fidelio,Tregale,2018-03-29,8340
524,183-18-3955,Corella,Grabbam,2016-08-07,28110
525,545-96-8981,Chiquita,Balazin,2017-05-02,45445
526,299-47-6784,Graehme,Havers,2018-09-15,36877
527,386-22-4558,Aeriell,Oak,2018-10-30,55047
528,522-46-3899,Burr,Girardy,2018-01-13,40607
529,227-39-7624,Laurie,Paramor,2018-06-23,13835
530,791-07-4309,Mason,Mathewes,2018-05-27,20167
531,148-56-6688,Chelsie,Figliovanni,2017-12-09,9877
532,830-12-3072,Inge,Jorat,2018-08-13,29911
533,372-66-5328,Alejoa,Wilfing,2016-08-28,81629
534,325-70-0524,Hendrik,Claughton,2018-11-01,56939
535,341-48-6672,Ros,Blencowe,2016-01-05,17803
536,314-67-5474,Tommy,Glanert,2016-09-10,63581
537,292-92-1500,Curtis,Djurdjevic,2016-09-29,93690
538,179-37-3086,Sheffy,Meffan,2017-04-24,10050
539,866-75-9589,Rakel,Panyer,2018-03-02,82393
540,752-19-8946,Bernadine,McCulley,2018-01-15,38924
541,790-05-4616,Eddy,Simoneau,2018-06-07,80914
542,687-57-6554,Bella,Gavriel,2017-09-26,3067
543,759-01-4552,Laurie,Dinesen,2016-07-02,62338
544,448-38-9153,Betta,Blazdell,2017-10-02,46259
545,144-57-9117,Vitia,Maxted,2019-02-21,41683
546,194-61-5563,Gracie,Whitnall,2018-07-24,33115
547,751-34-8302,Raquel,Badam,2018-01-05,46803
548,833-48-9336,Estel,Coase,2016-11-22,14415
549,255-60-4644,Florida,Spier,2018-03-22,76119
550,490-14-6460,Hannah,Steart,2017-12-25,47097
551,377-44-8805,Edyth,Mounsey,2017-03-04,40
552,246-81-1251,Merle,Ralphs,2018-03-15,45511
553,593-28-5770,Vassily,Goring,2018-08-22,58435
554,356-41-9127,Addie,Mee,2019-01-06,37941
555,518-66-2355,Jordana,Airs,2016-05-20,54464
556,275-93-6036,Bruno,Neagle,2016-08-07,43305
557,369-83-9875,Etienne,Buxam,2016-01-15,50711
558,675-48-2217,Tirrell,Huckett,2018-02-28,90597
559,400-45-7415,Hadleigh,Mizen,2019-01-14,36353
560,819-74-1024,Donall,Orringe,2016-01-04,546
561,697-73-3500,Ravid,Cellone,2018-08-28,52281
562,132-68-7417,Vincent,Andric,2016-07-15,57445
563,242-78-9825,Vaughan,Falkingham,2017-03-04,54595
564,323-23-5001,Willa,Thomlinson,2018-03-08,95765
565,146-05-2511,Alfonso,Wimlet,2018-05-01,43838
566,789-50-0347,Lorrie,Frisdick,2016-10-27,41358
567,604-13-2088,Serena,Klamman,2018-09-05,31974
568,628-53-0550,Amie,Chadd,2017-12-07,41678
569,855-21-0061,Augustina,Forgan,2016-05-31,54465
570,756-30-2003,Ninette,Sachno,2016-08-24,24331
571,623-05-0411,Kevina,Jiracek,2018-10-29,32905
572,501-46-9672,Kermy,Timby,2016-09-20,69963
573,129-49-5973,Horacio,Petrulis,2017-02-09,44131
574,664-65-2776,Keeley,Slyford,2016-03-28,92969
575,827-41-7477,Zane,Knaggs,2018-10-28,37216
576,154-44-5502,Tandy,Dimmne,2018-04-27,63490
577,104-19-9227,Merle,Soule,2017-08-30,8507
578,210-04-2587,Moore,Siddele,2016-01-09,98763
579,608-94-8203,Hermy,Lynnitt,2017-10-27,12701
580,709-28-4931,Shaun,Sircomb,2018-05-08,14587
581,439-74-1090,Timofei,Marley,2018-04-23,34488
582,396-62-5131,Brigitta,M'Quhan,2018-11-28,1634
583,286-85-6173,Gratia,Robilliard,2017-01-18,4425
584,586-98-0794,Holly,Toppin,2018-12-10,85853
585,697-54-4331,Athene,Poulsum,2017-10-31,11501
586,275-90-9442,Dixie,Moraleda,2018-09-21,52447
587,156-49-4465,Conni,Eeles,2017-08-02,92661
588,434-74-1587,Elaina,Hanlon,2016-09-20,92006
589,771-15-6145,Leland,Coltart,2017-12-23,8654
590,763-84-5126,Daryl,Coleman,2018-01-07,26673
591,156-40-8842,Vladimir,Klejna,2019-01-21,88285
592,592-75-6378,Caryl,Scorey,2018-09-11,62528
593,567-35-4525,Waylon,Mockett,2016-02-19,58686
594,811-71-4247,Valaria,Perrie,2016-10-30,30453
595,121-64-9790,Philomena,Penwell,2016-04-23,10469
596,692-51-2139,Rea,Le Pruvost,2017-01-29,38082
597,379-38-7415,Kimble,Cianni,2017-01-18,56754
598,347-12-6882,Giulio,Hallawell,2016-10-19,76261
599,882-38-8516,Dudley,Wilce,2016-06-01,85365
600,459-49-4936,Bryon,Fusedale,2017-10-28,75457
601,235-64-1758,Dorise,Vlasyev,2019-03-29,28813
602,182-38-4202,Meriel,Foulgham,2017-06-23,71199
603,431-53-6409,Janela,Bickersteth,2018-03-19,80396
604,640-47-8347,Charlie,Basketfield,2018-05-29,59949
605,463-66-0456,Mildred,Baptista,2017-07-12,40685
606,193-11-8718,Milo,McCullen,2018-11-25,71190
607,813-84-5335,Demetria,Hansemann,2018-12-27,8971
608,494-12-4186,Marlie,McUre,2017-05-16,84766
609,565-97-0205,Reed,Jebb,2018-05-10,33761
610,740-46-2914,Melba,Aylin,2017-08-25,62591
611,113-65-4290,Glynis,Senchenko,2016-09-16,91755
612,661-20-7148,Erminia,Paulou,2017-12-14,794
613,114-97-8397,Russell,Tappington,2019-02-24,46505
614,338-87-6683,Abe,Scotchbourouge,2017-10-10,61617
615,110-83-4802,Kora,Dedden,2016-07-24,91762
616,148-53-7988,Keely,Stendell,2019-03-01,814
617,601-59-4068,Jedediah,McCaw,2018-07-06,93803
618,563-13-9835,Beulah,Oldrey,2017-06-28,53385
619,157-37-0024,Dominick,Smallridge,2018-09-06,94955
620,688-87-2518,Gray,Kynton,2018-10-10,20603
621,625-64-4689,Luce,Khalid,2018-10-16,50224
622,728-62-8706,Elwira,Fayer,2018-03-17,25873
623,428-31-0476,Cicily,Gerring,2018-12-28,22543
624,770-24-8367,Rodie,Beri,2016-11-09,54364
625,640-80-9564,Rivi,Hurch,2017-08-10,6708
626,817-36-8494,Corliss,Yaxley,2016-02-06,94695
627,204-41-3993,Kania,Darragh,2017-04-04,20329
628,179-08-0721,Marquita,Athowe,2018-06-24,18398
629,405-46-7534,Gracie,McGannon,2017-12-02,20594
630,657-41-8411,Xymenes,Eudall,2017-06-06,91720
631,346-37-9522,Lena,Hasney,2016-08-12,9858
632,857-71-9991,Bernardine,Pitceathly,2016-12-30,42393
633,243-64-7403,Gwenette,Croisdall,2016-05-18,9158
634,280-43-9776,Kore,Dowson,2018-06-06,6201
635,601-65-6554,Estell,Grcic,2017-03-27,77617
636,349-38-2416,Katha,Hendin,2016-11-13,53247
637,259-08-7806,Fae,Agutter,2018-08-28,72845
638,896-77-0492,Demetris,Dibden,2016-03-16,41560
639,544-48-4358,Alexina,Bovaird,2019-02-01,59037
640,531-71-3880,Waite,Spellar,2016-01-26,81931
641,396-77-3173,Jedidiah,Staite,2018-05-06,64362
642,409-54-3947,Nat,Blum,2019-03-20,18008
643,870-75-3400,Eugenia,Cookes,2018-08-14,20569
644,412-54-8933,Horst,Garard,2018-03-15,29649
645,234-17-9567,Corissa,Marshalleck,2017-01-17,34669
646,889-72-9291,Sigismundo,Worsfold,2017-08-17,7372
647,430-47-1123,Ardeen,Bonhome,2018-01-26,62393
648,347-74-7121,Jakie,Foucard,2016-03-16,25292
649,545-08-7131,Bren,Mitroshinov,2017-09-08,92944
650,289-63-4428,Ward,Munkley,2017-03-31,57169
651,676-38-4545,Dietrich,Hoonahan,2019-02-18,48664
652,799-93-1202,Jacki,Heggs,2018-12-23,15057
653,301-88-2047,Rodina,Haddleston,2017-02-08,3286
654,853-27-6831,Henka,Feavearyear,2018-11-09,61300
655,202-08-9606,Coriss,MacLucais,2017-05-29,76121
656,673-80-0502,Dolores,Chesnay,2019-01-14,97833
657,486-02-0578,Ashley,Culbert,2016-11-09,6990
658,686-40-1598,Joyous,Scranedge,2017-09-23,79914
659,126-13-1015,Winfred,McWhirter,2018-06-15,18337
660,294-81-5298,Malina,Batt,2018-12-13,32204
661,691-62-3990,Steffi,Vurley,2018-04-12,89891
662,319-41-9005,Angelina,Earley,2018-05-23,9972
663,651-16-4020,Babs,Whitloe,2017-08-16,56347
664,442-34-2511,Forrester,Everson,2017-11-10,39612
665,524-65-6239,Fredrika,Shires,2016-08-07,18016
666,117-32-7264,Andris,Severwright,2019-01-28,77920
667,427-42-4811,Sascha,Impy,2018-11-21,78054
668,183-10-2855,Idaline,Grix,2016-11-10,48856
669,759-65-5005,Malissia,Clabburn,2018-08-08,11573
670,157-41-8033,Siward,M'Barron,2017-05-25,66424
671,429-76-5123,Sophie,Axup,2016-05-02,15019
672,430-97-7645,Leodora,Lashley,2017-02-08,74306
673,504-62-6193,Alissa,Ackerley,2017-05-07,77477
674,103-82-4112,Shawn,Samwayes,2018-03-27,33786
675,560-32-0235,Margaret,Abela,2017-11-12,15186
676,874-16-2970,Marji,Leigh,2017-02-25,91956
677,756-34-8665,Lacey,Lyne,2016-04-07,42770
678,314-72-5728,Edlin,Croshaw,2017-01-05,83071
679,720-81-8046,Gerek,Kinde,2017-02-07,19732
680,746-84-5805,Clemmie,Kullmann,2017-04-19,71794
681,140-56-2971,Elfrieda,Back,2018-03-07,92845
682,264-26-5836,Barny,Meace,2016-03-22,29355
683,656-62-8322,Valery,Bagehot,2017-07-23,44018
684,252-59-1000,Vaclav,Minthorpe,2019-02-24,87511
685,231-57-3961,Annabela,Ackroyd,2017-02-10,24264
686,827-48-3439,Christye,Palliser,2017-12-08,5451
687,141-37-3073,Wakefield,Carswell,2017-07-19,20077
688,162-68-9395,Ingar,Rowly,2018-09-11,64857
689,259-55-6409,Allister,Bordis,2018-08-09,35280
690,117-37-4925,Chicky,Ciobutaru,2016-10-17,91735
691,556-55-0487,Marketa,McBrearty,2016-08-03,30449
692,148-60-1589,Darline,Tonna,2017-04-02,18123
693,774-02-5914,Frasco,Jaulmes,2017-11-14,40889
694,436-64-4874,Freddie,Enrico,2018-12-16,84614
695,417-58-9741,Torie,Oman,2017-03-30,25160
696,882-62-7847,Stillmann,Jerger,2018-04-20,28392
697,284-97-6772,Kayle,Dickenson,2018-03-24,77076
698,237-79-4165,Quintus,Geroldini,2017-03-01,9573
699,716-90-7189,Maxine,Andreolli,2016-07-29,84967
700,122-59-6109,Finley,Ferrier,2016-03-27,4423
701,651-92-4702,Belinda,Janning,2016-01-23,82785
702,718-90-1855,Marc,Joice,2017-04-12,67139
703,605-74-5068,Ginevra,Novotni,2018-08-30,1104
704,473-13-4625,Marlene,Outridge,2016-06-28,56426
705,714-11-3419,Pembroke,Baszkiewicz,2017-01-10,46541
706,315-60-7205,Malvin,Pardy,2018-12-03,6690
707,144-87-7749,Erina,Rosenblad,2018-07-26,74374
708,388-45-7074,Elie,Bischoff,2018-12-26,53647
709,253-01-5170,Wilma,Costy,2018-07-17,32620
710,305-82-6279,Aleda,Dumphry,2018-11-13,94597
711,848-50-1548,Jeff,Drain,2018-04-19,54492
712,764-38-2548,Gaylord,Gillease,2019-02-13,26760
713,565-18-9473,Antonella,Galier,2016-10-09,50664
714,776-22-9640,Hildagarde,Skittreal,2018-09-03,82053
715,412-33-4049,Giraldo,Pipes,2017-01-13,78555
716,793-46-7695,Karlee,Beckey,2017-06-24,78948
717,330-25-8632,Catharine,Elijah,2016-04-11,1468
718,556-94-4261,Zed,Risdall,2016-07-30,40464
719,743-58-3633,Shanda,Bootton,2018-03-30,43802
720,349-18-4749,Joelle,Lockhart,2017-08-10,93498
721,272-29-0424,Akim,Ellinor,2016-05-16,98032
722,333-94-3626,Alwyn,Raison,2018-07-05,27195
723,476-44-1531,Dario,Robbey,2018-01-18,56231
724,657-47-1462,Carmina,Mix,2018-02-19,11416
725,287-15-8364,Meridith,Mensler,2017-08-05,64583
726,500-89-5052,Martita,Biscomb,2017-08-31,47083
727,549-63-0348,Hilary,O' Gara,2018-11-01,91228
728,300-77-3085,Jazmin,Urvoy,2016-04-16,95779
729,545-09-8891,Monica,Roskrug,2018-07-09,94322
730,286-47-6976,Britni,Oggers,2019-03-14,84794
731,292-38-4160,Hale,Maliphant,2018-08-20,47370
732,174-96-5375,Krista,Gaskall,2017-10-16,63730
733,690-11-8856,Erda,Abbiss,2016-07-09,64448
734,120-48-5199,Kalindi,Gamwell,2016-03-28,61771
735,846-42-1888,Dwain,Yanyushkin,2018-01-31,19061
736,860-76-9758,Patsy,Darcy,2016-03-07,52644
737,503-30-3840,Alma,Lightowlers,2018-07-30,30517
738,131-48-4412,Jefferey,Lovitt,2017-02-01,10788
739,770-57-8919,Karol,Witheridge,2017-01-19,29197
740,718-08-1152,Darbie,Motherwell,2017-01-19,60975
741,288-76-8102,Karyl,Daintith,2017-03-25,64090
742,129-52-2828,Melloney,Whillock,2016-09-26,90406
743,240-56-3357,Ottilie,Perrycost,2016-04-26,95767
744,608-34-8920,Gilbert,Livoir,2017-06-11,18432
745,751-29-0940,Dorena,St. Quentin,2017-08-30,64259
746,478-61-2266,Marshall,Gookey,2018-10-08,768
747,124-72-2923,Valentine,Holliar,2019-01-18,8580
748,287-33-1239,Shell,Fremantle,2016-09-17,44302
749,314-87-0652,Sybille,Canny,2016-01-12,16301
750,706-96-4244,Rutger,Clabburn,2016-07-03,54943
751,397-34-1224,Renell,Hanhart,2017-05-02,97563
752,812-07-7252,Nickolaus,Dummett,2016-01-22,56713
753,826-31-3807,Larina,Olivetti,2016-03-21,24555
754,560-30-7991,Milissent,Rubra,2016-07-30,82223
755,757-45-4798,Gwendolin,Mathew,2016-05-25,12906
756,883-02-8796,Lammond,Flook,2016-12-10,61327
757,258-73-9465,Blondell,Tasker,2018-03-31,19279
758,837-75-5071,Wolfgang,Valentin,2017-09-11,52375
759,283-63-2069,Em,Geare,2016-07-02,3894
760,288-37-9637,Brynna,Neligan,2017-04-09,20540
761,659-54-6361,Olympie,Clemanceau,2017-12-28,70258
762,623-49-7522,Iolande,Bonnar,2019-01-16,26293
763,332-55-3088,Davide,Summersby,2018-09-25,81230
764,212-63-2607,Raphael,Claige,2017-11-25,16086
765,393-63-8950,Bobby,Wyburn,2018-10-04,10992
766,379-13-8661,Kristofer,Farnon,2016-11-05,96613
767,700-35-2651,Risa,Ruggen,2018-06-30,66785
768,669-42-0055,Grata,Torre,2018-11-16,36579
769,109-04-8784,Pauline,Huelin,2018-03-29,91738
770,252-43-3288,Dede,Gates,2018-02-28,82260
771,512-24-1464,Mitchell,Mingey,2016-08-07,60586
772,463-21-2668,Dode,Blackaller,2016-03-25,81331
773,430-30-3381,Rozanne,Leyrroyd,2018-04-03,42060
774,563-72-3693,Elyssa,Knevit,2017-04-02,17139
775,246-35-8732,Dagmar,Showte,2018-02-12,68210
776,368-05-9358,Humphrey,Carwithan,2016-11-10,23539
777,500-97-9424,Sallee,Brobak,2017-01-09,7632
778,557-53-7552,Dun,Atwool,2017-08-25,9173
779,631-01-4423,Alfy,Ratie,2018-08-24,78444
780,629-87-4724,Jerrie,McDougall,2018-08-03,3290
781,634-51-4394,Alene,Savoury,2017-06-19,25147
782,359-65-1950,Huntley,Borrett,2017-03-19,77191
783,627-45-8662,Joell,Pigdon,2017-09-13,99936
784,243-41-7816,Gretel,Chesher,2017-05-03,76217
785,894-90-9696,Marney,Le Houx,2017-03-03,1893
786,756-78-9071,Brittan,MacKettrick,2018-03-07,67868
787,443-36-9633,Letti,Gwinnel,2016-11-10,33138
788,341-32-6892,Wendel,Schubuser,2016-12-02,84642
789,242-71-9385,Maddie,Shute,2016-02-08,66916
790,166-55-7298,Britt,Ottawell,2017-08-15,2902
791,827-45-9834,Anne-corinne,MacDonnell,2016-07-19,92978
792,516-86-9365,Nettie,Alessandrucci,2018-05-29,13781
793,388-68-3686,Jeno,Couves,2019-03-19,74988
794,725-41-5302,Sinclare,Hance,2018-10-19,69831
795,750-22-9804,Armin,Shervil,2016-09-11,62285
796,767-48-1435,Charlot,Hrachovec,2017-02-09,43426
797,461-49-1220,Morey,Seeney,2017-01-02,67028
798,499-19-3964,Zandra,Downes,2018-01-08,78711
799,513-32-4014,Bobette,Dunphy,2018-06-19,62248
800,322-19-3304,Clemente,Owthwaite,2016-03-05,90961
801,631-21-2816,Marketa,Skeech,2016-02-05,30450
802,302-95-7228,Drugi,Schultz,2019-03-01,45579
803,393-31-2382,Der,Galilee,2016-03-23,67201
804,242-14-1666,Olivero,Fortune,2017-02-23,72596
805,468-58-5363,Ugo,Houtby,2017-08-27,93597
806,509-86-6370,Sylvester,Niblock,2018-09-20,72146
807,369-42-1194,Dickie,Eager,2019-02-20,50702
808,716-22-5302,Flemming,MacCaull,2018-09-07,6647
809,307-28-9714,Hali,Lukovic,2018-01-13,47480
810,161-86-7823,Moira,Baudi,2017-07-18,64838
811,886-60-9086,Karla,Stefanovic,2019-03-19,22248
812,561-10-1378,Filberto,Dowson,2017-06-15,29675
813,570-31-8318,Tessy,Sandeson,2018-08-30,55852
814,284-53-3778,Florella,Sprouls,2017-08-17,92214
815,518-03-3861,Gan,Brecher,2018-09-11,27211
816,113-72-9538,Egon,Everex,2017-10-22,28226
817,405-42-8899,Karlik,Cecchi,2016-06-15,65883
818,822-48-2265,Xylia,Birtwisle,2016-07-29,4726
819,821-78-7878,Pyotr,Casino,2018-02-06,83475
820,430-64-3105,Willette,Monelli,2018-03-31,50280
821,738-08-2363,Gui,MacMorland,2018-03-20,51493
822,745-37-1546,Noah,Groves,2016-09-05,62430
823,127-93-1396,Orbadiah,Smurthwaite,2017-01-28,905
824,172-99-3938,Benedick,Cowope,2016-06-08,43748
825,170-23-0976,Josie,Valintine,2019-02-21,56547
826,468-40-6668,Muire,Baldack,2016-12-27,4970
827,537-12-0469,Marcile,Gotfrey,2018-02-24,97480
828,143-32-2681,Laney,Duff,2016-07-27,49051
829,897-49-3790,Pippa,Boreham,2018-08-20,26240
830,153-99-4876,Fleming,Parrish,2018-05-24,78607
831,809-93-2918,Pablo,Sanzio,2018-12-23,44450
832,611-36-4957,Brigg,Earngy,2017-02-12,13599
833,658-83-5186,Rania,Tylor,2016-11-07,38684
834,604-06-8420,Danit,Ivoshin,2017-11-28,46943
835,439-56-2945,Car,Lohden,2016-07-30,43570
836,651-55-4855,Cam,Gelder,2017-01-20,60640
837,538-99-4224,Marian,Devonish,2018-10-12,35518
838,713-37-2725,Sisile,Yewdale,2016-06-09,55163
839,845-48-7639,Brigitte,Espinas,2017-01-24,37012
840,149-97-0064,Marla,Tremethack,2017-02-25,63706
841,501-05-8198,Conant,Froome,2017-09-29,132
842,657-12-1706,Julee,Demchen,2018-08-23,86664
843,197-16-4218,Georgianna,Edis,2017-08-10,30200
844,128-79-5372,Mikaela,McCambridge,2016-06-11,64712
845,324-11-7652,Dasi,Saph,2018-07-04,63140
846,829-69-0044,Izabel,Keeri,2016-11-27,24789
847,392-67-2601,Maddalena,Dutch,2017-11-05,84357
848,392-54-1702,Nefen,Snook,2018-05-07,13248
849,493-47-4678,Rafi,Turfrey,2017-11-09,78756
850,632-68-7855,Euphemia,O'Carroll,2016-03-22,85869
851,234-25-4026,Jerrylee,Saylor,2017-06-03,76566
852,137-83-3966,Chaunce,Craxford,2018-08-27,11567
853,658-84-8313,Morgen,Arnholdt,2017-12-25,2001
854,161-65-4376,Jessamyn,Ainley,2017-11-04,67256
855,536-79-9242,Kordula,Shevels,2016-05-03,85577
856,841-15-8175,Myrvyn,Hardingham,2019-03-05,47394
857,693-56-2476,Channa,Hamlin,2016-08-01,50185
858,808-39-4420,Adolf,Gilbride,2017-11-23,50323
859,140-47-9601,Sauncho,Luckings,2017-11-03,28080
860,489-70-8508,Moise,Annis,2016-08-06,1013
861,692-60-0322,Amii,Kerfut,2016-01-20,20221
862,689-01-2614,Gisella,Emmanuel,2017-04-07,4014
863,762-50-4987,Tedra,Hurdedge,2018-10-14,71828
864,549-96-6480,Amaleta,Cornfoot,2016-08-12,14005
865,750-71-2374,Gisela,Eles,2018-02-10,93273
866,794-74-7863,Bryana,Godthaab,2018-01-07,65665
867,299-94-2309,Cointon,Messer,2019-03-07,52185
868,433-07-0120,Alain,Dorning,2018-02-03,8982
869,262-97-3626,Neda,Gritland,2016-09-12,50986
870,793-49-4275,Zachariah,Gannicleff,2017-07-11,15614
871,455-09-5969,Byran,Portail,2017-04-18,5317
872,634-68-2874,Nana,MacDearmid,2017-02-06,29238
873,325-66-4541,Vitia,Begg,2018-05-20,72130
874,712-43-0398,Muhammad,Hantusch,2017-04-03,36843
875,715-49-8390,Evonne,Enevoldsen,2017-06-22,67448
876,754-25-5530,Theresina,Dinan,2018-02-06,7569
877,148-74-7031,Vida,Skipp,2016-05-22,62640
878,564-67-9950,Christabel,Tregonna,2017-04-27,69097
879,263-60-2415,Jarrod,Panton,2017-07-13,20308
880,645-79-5059,Gretna,Demsey,2016-04-06,71308
881,455-97-8847,Odey,Giorgioni,2016-11-28,84509
882,862-07-5296,Rycca,Agate,2018-04-03,33360
883,538-51-7326,Rebeka,Dibdale,2017-06-01,58266
884,618-28-3633,Gilda,Pellant,2016-10-03,29011
885,664-64-5535,Yorgos,Dursley,2017-01-24,16493
886,100-97-6791,Bryn,Palfery,2018-05-02,59163
887,733-36-4939,Herta,Swindle,2018-07-30,53853
888,354-85-2111,Sibyl,Laville,2017-02-12,91402
889,884-64-8697,Harper,Humbee,2016-02-01,31533
890,642-68-6929,Isidoro,Van Castele,2016-09-01,66739
891,311-34-2002,Fransisco,Everett,2018-09-16,93333
892,589-51-6091,Maryjane,Spittles,2016-12-12,82531
893,861-77-5247,Thorn,Sheringham,2018-04-01,46143
894,785-37-4578,Tibold,Jorcke,2018-04-22,99607
895,840-71-3501,Evania,Sager,2017-02-13,94289
896,478-02-8124,Joyous,Oliver-Paull,2018-07-01,73162
897,441-74-2826,Roddie,Muriel,2018-04-23,43430
898,808-22-5432,Jessamine,Humblestone,2017-04-03,56256
899,258-24-8150,Colene,McAteer,2018-09-12,92242
900,133-29-5638,Talia,Chorlton,2016-06-08,5599
901,428-08-9422,Michale,Corton,2016-05-29,5758
902,130-94-9278,Wolfie,Tennet,2017-11-03,71004
903,850-36-5390,Ammamaria,Finlayson,2016-04-07,9908
904,594-83-8858,Dale,Lassen,2017-01-03,3392
905,410-82-3229,Cletus,Tebb,2019-01-11,54168
906,611-73-5361,Cami,Olivi,2017-10-12,41436
907,883-38-0974,Celia,Giraldon,2016-10-10,36860
908,343-50-9884,Datha,Wix,2017-03-14,1984
909,539-36-1546,Corabella,Deeprose,2017-08-13,49951
910,401-05-1005,Chase,Roakes,2018-09-12,35554
911,223-62-1364,Randie,Lutsch,2017-01-12,28238
912,133-12-0173,Gabi,Jarmaine,2017-05-05,34468
913,407-31-5679,Jelene,Pierton,2017-06-22,37037
914,191-43-8239,Windy,Ilyinski,2016-08-05,83177
915,471-46-2444,Jayson,Minet,2019-03-16,48393
916,602-71-2930,Elspeth,Hollows,2018-12-13,27215
917,626-52-8699,Paulina,Samples,2016-05-02,86883
918,118-74-8282,Thorsten,Giveen,2018-02-18,88528
919,443-76-7885,Myrlene,Dring,2019-03-11,15997
920,213-81-8557,Early,Deerr,2017-02-22,11491
921,140-56-7707,Virginie,Weatherdon,2017-11-10,72099
922,814-99-0261,Walton,Ferrillo,2016-03-21,89618
923,295-33-6644,Bethina,Rigmand,2016-10-06,98348
924,886-07-9746,Lenard,Sheehan,2017-03-04,15140
925,192-74-7688,Margit,Goaley,2018-12-14,35783
926,588-55-1864,Moe,Pigeon,2018-10-18,63597
927,491-62-0697,Georgetta,Frith,2016-12-22,77399
928,425-87-1484,Lorin,Charity,2017-12-02,83094
929,370-87-1784,Marga,Parrin,2018-08-21,65196
930,173-23-4773,Benny,Dainter,2018-08-20,2767
931,283-43-8647,Orson,Hawthorn,2017-08-16,94284
932,526-91-3329,Haley,Goatcher,2016-09-30,34145
933,534-09-7251,Cobb,Jevons,2016-12-12,58151
934,736-62-0196,Tanney,Umney,2018-03-29,83814
935,404-51-4977,Bert,Pennone,2018-09-14,57843
936,191-66-9230,Rosene,Isgar,2018-04-30,42440
937,244-81-7920,Seline,Tovey,2018-06-18,17297
938,891-34-7539,Doreen,Basnett,2016-01-18,15692
939,505-32-7525,Velma,Lube,2017-05-04,58215
940,638-18-5394,Bendicty,Sandeman,2016-05-07,86957
941,680-28-1179,Kally,Devenport,2017-11-03,81033
942,488-62-1486,Fanchette,Skalls,2016-10-22,77641
943,710-65-4917,Delbert,Margett,2016-11-26,57435
944,238-06-7844,Reynard,Austen,2018-02-13,20826
945,223-91-2574,Margot,Schaumaker,2016-07-19,51748
946,316-30-5452,Ailina,des Remedios,2016-05-13,75803
947,361-28-1969,Shelton,Womersley,2017-12-27,89676
948,697-30-0003,Todd,Ivashin,2016-05-19,45771
949,400-59-8518,Mathias,Davidavidovics,2017-10-21,32335
950,100-77-1033,Nissy,Binne,2016-01-28,1623
951,392-16-6647,Ashly,Jennions,2017-06-07,15783
952,646-65-8334,Daron,McAlinion,2016-08-27,68181
953,216-72-2084,Mendy,Harback,2016-05-25,33169
954,169-45-1174,Marquita,Munehay,2016-09-04,7272
955,554-07-8732,Sheba,Broinlich,2017-12-15,7870
956,117-09-9820,Waverley,Jimes,2016-02-22,9989
957,815-65-2446,Billy,Kiley,2016-07-25,51623
958,661-62-0861,Eugen,Alexandre,2016-04-11,14628
959,763-60-5850,Sarajane,Fruchter,2018-08-07,23182
960,300-44-9291,Stephen,Rossoni,2016-11-19,91912
961,460-55-8039,Arley,Ridgeway,2017-01-27,94670
962,591-66-6734,Jabez,Di Franceschi,2018-06-21,75882
963,283-57-0466,Illa,Pinkstone,2017-03-12,573
964,277-90-9082,Brear,Arger,2018-06-02,95015
965,775-28-6014,Reg,Chanter,2019-01-07,54152
966,353-20-3552,Meredith,Darcy,2017-06-19,92279
967,294-16-9420,Burtie,Kloser,2017-01-22,95707
968,629-69-3696,Oates,Harbar,2017-03-01,13782
969,743-46-5824,Izabel,Neale,2018-08-30,5123
970,229-96-0283,Sharity,Tumility,2019-03-05,45613
971,396-43-8348,Bren,Salamon,2017-08-12,78493
972,861-52-8041,Kalle,Kalinke,2019-02-20,40906
973,513-47-9721,Kathy,Smees,2017-04-05,62850
974,565-12-8104,Kirk,Basil,2018-07-29,53735
975,751-39-1836,Penelopa,Casley,2017-02-03,33441
976,590-11-4584,Kat,Kinchley,2016-08-17,67542
977,575-70-4665,Wilhelmine,Huxham,2017-08-06,84812
978,564-83-9337,Kattie,Pelchat,2016-09-06,21243
979,573-26-7387,Amble,Ollander,2018-03-29,38460
980,261-76-5105,Regine,Ivel,2019-02-21,81800
981,407-19-5913,Ailee,Rushworth,2016-03-26,75458
982,465-41-4309,Poul,Young,2016-06-28,323
983,355-11-3562,Rodrique,Lowson,2016-08-27,75043
984,899-22-3977,Peter,Shakelady,2018-12-16,66438
985,340-42-3612,Brian,Oliva,2019-02-27,337
986,169-15-1589,Huntley,Menpes,2018-12-05,32803
987,825-42-9920,Lion,Ambrosio,2018-05-17,80807
988,802-63-0967,Livvie,Barden,2017-12-05,59837
989,170-64-8074,Ellswerth,Jarvie,2016-10-28,45437
990,211-22-0151,Mandy,Bernette,2018-09-20,99072
991,653-50-3972,Maynord,Frantzen,2018-07-17,49989
992,312-52-7297,Annabela,Breslane,2018-05-12,89336
993,325-92-0709,Angelika,Mudie,2017-01-02,46450
994,604-05-7150,Abner,Checklin,2016-06-27,99832
995,785-73-8667,Natassia,Goody,2017-09-14,60269
996,595-38-7265,Kerrie,Patience,2016-12-09,10540
997,319-85-3112,Susette,Ghiraldi,2017-04-26,98863
998,172-82-5286,Yvonne,Jeppe,2019-02-10,57670
999,585-92-0160,Marie-ann,Kellett,2018-11-15,43992
1000,133-93-7503,Alverta,Curnokk,2018-04-25,60261
